npc_id,npc_name,race_mask,sex,model_id,dialog_type,quest_id,text
240,Marshal Dughan,,0,1985,gossip,,"Ach, it's hard enough keeping order around here without all these new troubles popping up!  I hope you have good news, $n..."
240,Marshal Dughan,,0,1985,gossip,,"Ach, it's hard enough keeping order around here without all these new troubles popping up!  I hope you have good news, $n..."
656,Wilder Thistlenettle,,0,2363,gossip,,"Don't let the humans in the Bazaar fool ye $g lad : lass;, with the subway those gnomes built it's easier than ye might think to transport goods from Ironforge. If they try to tack on import fees just tell them yer gonna buy yer gear from me."
656,Wilder Thistlenettle,,0,2363,gossip,,"Don't let the humans in the Bazaar fool ye $g lad : lass;, with the subway those gnomes built it's easier than ye might think to transport goods from Ironforge. If they try to tack on import fees just tell them yer gonna buy yer gear from me."
786,Grelin Whitebeard,,0,1354,gossip,,"Greetings, $glad:lass;. I'm Grelin Whitebeard. I'm here to examine the threat posed by the growing numbers of trolls in Coldridge Valley. What have I found? It's a bit troubling..."
1103,Eldrin,,0,1290,gossip,,"I'm a simple man who knows a few things about tailoring, but you need more assistance than I can provide. I have heard of a Night Elf who is quite an accomplished tailor. He resides in Stormwind, in the Magic District."
1103,Eldrin,,0,1290,gossip,,So you would like to learn a few things? I would be happy to get you started!
1154,Marek Ironheart,,0,1596,gossip,,"You've become quite the hunter, $N! Not only have you proven your skills, you also bested Daryl, which gets you extra points in my book!$B$BYou're welcome here any time."
1215,Alchemist Mallory,,0,3237,gossip,,"Good day, $gsir:ma'am;. I'd shake your hand, but as you see, I'm in the middle of something. May I be of assistance?"
1215,Alchemist Mallory,,0,3237,gossip,,"You've made a good start, but you still have a great deal to learn, $N."
1241,Tognus Flintfire,,0,3422,gossip,,"Here for training eh? Just began my training meself, but I would be glad ta teach ye what I can."
1241,Tognus Flintfire,,0,3422,gossip,,"Ye learn fast $g lad : lass;, much faster than I can keep up with. If ye want ta continue yer training, I suggest ye see my teacher. His name's Rotgath, Rotgath Stonebeard and ye'll find him in Ironforge at The Great Forge."
1246,Vosur Brakthel,,0,10635,gossip,,"Put your back into it, $glad:lass;. Hard work and determination--that's the way! Don't let anyone tell you book learnin' is all ye need."
1300,Lawrence Schneider,,0,1432,gossip,,"Very well, let your journey of tailoring begin."
1317,Lucan Cordell,,0,1492,gossip,,"You are not ready. Speak to Betty Quinn, she's standing by the stairs over there. Return to me when you have achieved a higher enlightenment."
1346,Georgio Bolero,,0,1502,gossip,,"You'll need more training before I can share my knowledge with you, I'm afraid."
1346,Georgio Bolero,,0,1502,gossip,,Good! I can tell that my efforts will not be wasted!
1382,Mudduk,,0,4376,gossip,,"Wulan in Shadowprey Village can sell you the ""Expert Cookbook"".  You will need that if you are to better yourself."
1382,Mudduk,,0,4376,gossip,,"Wulan in Shadowprey Village can sell you the ""Expert Cookbook"".  You will need that if you are to better yourself."
1386,Rogvar,,0,4380,gossip,,"How dare you ask me for training, maggot? What were you hoping for, you slack-jawed yokel, a lecture on the proper uses of silverleaf? Out! You're lucky I don't thrash you senseless for wasting my time."
1466,Gretta Finespindle,,1,10620,gossip,,"Oh, goody, something else to do while I wait! You're a real life-saver, $N!"
1470,Ghak Healtouch,,0,1834,gossip,,"I don't suppose you're here to talk about my lovely Kali. Fine, then. Potions it is. Anyone ever tell ye you've got a one-track mind?"
1472,Morgg Stormshot,,0,5570,gossip,,"Don't let the humans in the Bazaar fool ye $g lad : lass;, with the subway those gnomes built it's easier than ye might think to transport goods from Ironforge. If they try to tack on import fees just tell them yer gonna buy yer gear from me."
1472,Morgg Stormshot,,0,5570,gossip,,"Don't let the humans in the Bazaar fool ye $g lad : lass;, with the subway those gnomes built it's easier than ye might think to transport goods from Ironforge. If they try to tack on import fees just tell them yer gonna buy yer gear from me."
1519,Deathguard Simmer,,0,1648,gossip,,<Deathguard Simmer looks at you expectantly.>
1632,Adele Fielder,,1,3335,gossip,,"Gosh, I'm sorry. I don't have anything new to teach you. How about you go talk to Simon Tanner in the Old Town section of Stormwind? He's a human with big muscles and dreamy red hair."
1632,Adele Fielder,,1,3335,gossip,,How's it going? I love the smell of leather; don't you?
1676,Finbus Geargrind,,0,4285,gossip,,"You're working your way up??? higher than me, at this point! You should talk to Springspindle Fizzlegear in Ironforge! He'll show you more than I ever could!"
1676,Finbus Geargrind,,0,4285,gossip,,"Hmm well, I can't help you quite yet! You have to learn the basics first. Why don't you go see Sprite Jumpsprocket in Stormwind!"
1676,Finbus Geargrind,,0,4285,gossip,,"Fantastic! Aren't you the industrious one? Well, let's get started, shall we?"
1701,Dank Drizzlecut,,0,3424,gossip,,I can instruct you in mining.  Interested?
1701,Dank Drizzlecut,,0,3424,gossip,,I can instruct you in mining.  Interested?
1702,Bronk Guzzlegear,,0,3394,gossip,,"I would train ye if I could, but ye need the services of someone a bit more... what's the word? Brainy! Look for Trixie Quickswitch in Ironforge. Tell 'er Bronk sent ye!"
1702,Bronk Guzzlegear,,0,3394,gossip,,"Lookin' to be an engineer, eh? Well, by Muradin, ye've come to the right place!"
2153,Terl Arakor,,0,3492,gossip,,This is MY WAGON!$B$BMINE!
2238,Tog'thar,,0,3686,gossip,,"Get away from here, $c, or they'll put you in chains as well."
2239,Drull,,0,3687,gossip,,"Do you mock me while I am unable to defend myself, bound to this ball of iron?"
2391,Serge Hinott,,0,3678,gossip,,Don't waste my time. I have research projects older than you. Go talk to Doctor Martin Felben in the Apothecarium of the Undercity. He's a Forsaken who can probably manage to teach you the basics.
2391,Serge Hinott,,0,3678,gossip,,"Another student. Wonderful. This is why Lydon belongs to the Royal Society of Snobs and gets to do research, and I'm stuck being an instructor. If I win another teaching award, I'll never live it down!"
2397,Derak Nightfall,,0,3652,gossip,,"Derak Nightfall, at your service!"
2399,Daryl Stack,,0,3655,gossip,,"You're doing very well in the art of tailoring, I must admit. Now, let's see how good you REALLY are..."
2399,Daryl Stack,,0,3655,gossip,,Who sent you here? You're not ready for my instruction yet! You'll be told when you're ready.
2439,Major Samuelson,,0,5567,gossip,,<The Major nods curtly.>
2464,Commander Aggro'gosh,,0,1735,gossip,,"Welcome to Grom'gol, $C. Before we get off on the wrong foot, I'll have you know that I won't have slackers in my Base Camp.. I expect a healthy $R like you to pull your own weight around here."
2465,Far Seer Mok'thardin,,0,4366,gossip,,"Even in this remote corner of the world, know that Hellscream's eyes are upon you."
2487,Fleet Master Seahorn,,0,1667,gossip,,"Welcome to Booty Bay, $r."
2491,Whiskey Slim,,0,4717,gossip,,Here's to you!  Here's to me!  May we never disagree.$b$bBut if we do... BLAST YOU!  Here's to me.
2627,Grarnik Goodstitch,,0,7176,gossip,,"You need to learn from someone who knows more than I do. Go talk to Josef Gregorian in Undercity. Well, what are you still doing here?"
2627,Grarnik Goodstitch,,0,7176,gossip,,"What? Why are you bothering me? Why, I bet you can't even create a high quality robe! Go talk to Snang and come back when you're worthy of my talents!"
2663,Narkk,,0,7190,gossip,,Care to purchase some piratey items?
2670,Xizk Goodstitch,,0,7177,gossip,,"Ah, one of my favorite customers. You look to be of a warlock of some power, $N. I am pleased to meet you. If there is anything I can do for you, please, just ask.$B$BMy brother and I feel that it will be your kind who lead us into the next great era. One with such power... such control... it's only a matter of time before the Legion itself bends to your will.$B$BI am but a little envious."
2700,Captain Nials,,1,4147,gossip,,We must take what is ours. Our survival depends on it.
2708,Archmage Malin,,0,2968,gossip,,"Pleased to meet you, $c."
2771,Drum Fel,,0,4045,gossip,,We're glad to have your help.
2785,Theldurin the Lost,,0,4903,gossip,,You lookin' for me?
2789,Skuerto,,0,4042,gossip,,I'm sick of sittin' in this hole. I hope whatever sorry pencil-pusher is holdin' up Danath's return gets a punch in the jimmies.
2818,Slagg,,0,3950,gossip,,"Wulan in Shadowprey Village can sell you the ""Expert Cookbook"".  You will need that if you are to better yourself."
2818,Slagg,,0,3950,gossip,,"Wulan in Shadowprey Village can sell you the ""Expert Cookbook"".  You will need that if you are to better yourself."
2837,Jaxin Chong,,0,7174,gossip,,"I've got plenty of great recipes for you to take a look at, and at discounted prices, too!"
2855,Snang,,0,4384,gossip,,I will teach you what I can.
2857,Thund,,0,4386,gossip,,"You know who's really smart? Nogg! Smarter than me, even. You go tell Nogg Thund sent you! You can find him by the control panel over there."
2920,Lucien Tosselwrench,,0,4895,gossip,,You've got to try some of this beer.
2943,Ransin Donner,,0,7916,gossip,,"Hail $c. Didn't I see you recently at an exclusive gathering? You look familiar, but then again this city is a busy place.$B$BIf you attended that convention, then surely you were given a secret code. Tell me your code and I will give you a special prize in return."
2943,Ransin Donner,,0,7916,gossip,,"Hail $c. Didn't I see you recently at an exclusive gathering? You look familiar, but then again this city is a busy place.$B$BIf you attended that convention, then surely you were given a secret code. Tell me your code and I will give you a special prize in return."
2987,Eyahn Eagletalon,,0,4516,gossip,,It seems like love is drifting on the wind. I hope that I won't be left out.
2987,Eyahn Eagletalon,,0,4516,gossip,,It seems like love is drifting on the wind. I hope that I won't be left out.
2997,Jyn Stonehoof,,1,2110,gossip,,It seems like love is drifting on the wind. I hope that I won't be left out.
2997,Jyn Stonehoof,,1,2110,gossip,,It seems like love is drifting on the wind. I hope that I won't be left out.
2999,Taur Stonehoof,,0,2100,gossip,,It seems like love is drifting on the wind. I hope that I won't be left out.
2999,Taur Stonehoof,,0,2100,gossip,,It seems like love is drifting on the wind. I hope that I won't be left out.
3001,Brek Stonehoof,,0,2083,gossip,,I can instruct you in mining.  Interested?
3001,Brek Stonehoof,,0,2083,gossip,,I can instruct you in mining.  Interested?
3002,Kurm Stonehoof,,0,2092,gossip,,It seems like love is drifting on the wind. I hope that I won't be left out.
3002,Kurm Stonehoof,,0,2092,gossip,,It seems like love is drifting on the wind. I hope that I won't be left out.
3003,Fyr Mistrunner,,1,2109,gossip,,It seems like love is drifting on the wind. I hope that I won't be left out.
3003,Fyr Mistrunner,,1,2109,gossip,,It seems like love is drifting on the wind. I hope that I won't be left out.
3004,Tepa,,1,2126,gossip,,"My knowledge is limited, though I am still learning. It is time for you to move on, traveler. Find Josef Gregorian in Undercity and tell him you are ready."
3004,Tepa,,1,2126,gossip,,"There are fundamental things you must learn before I can aid you. Speak to my apprentice, Vhan. He is kind and patient and will teach you what you need to know."
3004,Tepa,,1,2126,gossip,,You are truly a determined student. I will be happy to provide you with instruction!
3005,Mahu,,0,2093,gossip,,It seems like love is drifting on the wind. I hope that I won't be left out.
3005,Mahu,,0,2093,gossip,,It seems like love is drifting on the wind. I hope that I won't be left out.
3009,Bena Winterhoof,,1,2108,gossip,,"Can you not sense the anguish of the Earth Mother for her lost children, the undead? Speak quickly, $N. Every second costs me dearly. We must help them find their way back to her!"
3009,Bena Winterhoof,,1,2108,gossip,,"I cannot in good conscience spend time training novices while our allies, the undead, are suffering so terribly. Please speak with Kray over there instead; he can help you for now."
3010,Mani Winterhoof,,1,2116,gossip,,It seems like love is drifting on the wind. I hope that I won't be left out.
3010,Mani Winterhoof,,1,2116,gossip,,It seems like love is drifting on the wind. I hope that I won't be left out.
3011,Teg Dawnstrider,,0,2101,gossip,,"Surely Mot didn't send you to me? He knows better. You are not yet capable of understanding what I would teach you. See my son Mot, just outside there, and finish training with him."
3011,Teg Dawnstrider,,0,2101,gossip,,"Ah, very good. I am satisfied that you are a worthy student. Now, your training with me may begin???"
3012,Nata Dawnstrider,,1,2118,gossip,,It seems like love is drifting on the wind. I hope that I won't be left out.
3012,Nata Dawnstrider,,1,2118,gossip,,It seems like love is drifting on the wind. I hope that I won't be left out.
3014,Nida Winterhoof,,1,2119,gossip,,It seems like love is drifting on the wind. I hope that I won't be left out.
3014,Nida Winterhoof,,1,2119,gossip,,It seems like love is drifting on the wind. I hope that I won't be left out.
3015,Kuna Thunderhorn,,1,2114,gossip,,It seems like love is drifting on the wind. I hope that I won't be left out.
3015,Kuna Thunderhorn,,1,2114,gossip,,It seems like love is drifting on the wind. I hope that I won't be left out.
3016,Tand,,0,2099,gossip,,It seems like love is drifting on the wind. I hope that I won't be left out.
3016,Tand,,0,2099,gossip,,It seems like love is drifting on the wind. I hope that I won't be left out.
3017,Nan Mistrunner,,1,2117,gossip,,It seems like love is drifting on the wind. I hope that I won't be left out.
3017,Nan Mistrunner,,1,2117,gossip,,It seems like love is drifting on the wind. I hope that I won't be left out.
3018,Hogor Thunderhoof,,0,2086,gossip,,It seems like love is drifting on the wind. I hope that I won't be left out.
3018,Hogor Thunderhoof,,0,2086,gossip,,It seems like love is drifting on the wind. I hope that I won't be left out.
3019,Delgo Ragetotem,,0,2084,gossip,,It seems like love is drifting on the wind. I hope that I won't be left out.
3019,Delgo Ragetotem,,0,2084,gossip,,It seems like love is drifting on the wind. I hope that I won't be left out.
3020,Etu Ragetotem,,0,2085,gossip,,It seems like love is drifting on the wind. I hope that I won't be left out.
3020,Etu Ragetotem,,0,2085,gossip,,It seems like love is drifting on the wind. I hope that I won't be left out.
3021,Kard Ragetotem,,0,2089,gossip,,It seems like love is drifting on the wind. I hope that I won't be left out.
3021,Kard Ragetotem,,0,2089,gossip,,It seems like love is drifting on the wind. I hope that I won't be left out.
3022,Sunn Ragetotem,,1,2124,gossip,,It seems like love is drifting on the wind. I hope that I won't be left out.
3022,Sunn Ragetotem,,1,2124,gossip,,It seems like love is drifting on the wind. I hope that I won't be left out.
3023,Sura Wildmane,,1,2125,gossip,,It seems like love is drifting on the wind. I hope that I won't be left out.
3023,Sura Wildmane,,1,2125,gossip,,It seems like love is drifting on the wind. I hope that I won't be left out.
3024,Tah Winterhoof,,0,2097,gossip,,It seems like love is drifting on the wind. I hope that I won't be left out.
3024,Tah Winterhoof,,0,2097,gossip,,It seems like love is drifting on the wind. I hope that I won't be left out.
3025,Kaga Mistrunner,,1,2111,gossip,,It seems like love is drifting on the wind. I hope that I won't be left out.
3025,Kaga Mistrunner,,1,2111,gossip,,It seems like love is drifting on the wind. I hope that I won't be left out.
3026,Aska Mistrunner,,1,2107,gossip,,"Wulan in Shadowprey Village can sell you the ""Expert Cookbook"".  You will need that if you are to better yourself."
3026,Aska Mistrunner,,1,2107,gossip,,"Wulan in Shadowprey Village can sell you the ""Expert Cookbook"".  You will need that if you are to better yourself."
3027,Naal Mistrunner,,0,2095,gossip,,It seems like love is drifting on the wind. I hope that I won't be left out.
3027,Naal Mistrunner,,0,2095,gossip,,It seems like love is drifting on the wind. I hope that I won't be left out.
3029,Sewa Mistrunner,,1,2120,gossip,,It seems like love is drifting on the wind. I hope that I won't be left out.
3029,Sewa Mistrunner,,1,2120,gossip,,It seems like love is drifting on the wind. I hope that I won't be left out.
3037,Sheza Wildmane,,1,2122,gossip,,It seems like love is drifting on the wind. I hope that I won't be left out.
3037,Sheza Wildmane,,1,2122,gossip,,It seems like love is drifting on the wind. I hope that I won't be left out.
3050,Veren Tallstrider,,0,4517,gossip,,It seems like love is drifting on the wind. I hope that I won't be left out.
3050,Veren Tallstrider,,0,4517,gossip,,It seems like love is drifting on the wind. I hope that I won't be left out.
3067,Pyall Silentstride,,0,3795,gossip,,"Wulan in Shadowprey Village can sell you the ""Expert Cookbook"".  You will need that if you are to better yourself."
3067,Pyall Silentstride,,0,3795,gossip,,"Wulan in Shadowprey Village can sell you the ""Expert Cookbook"".  You will need that if you are to better yourself."
3079,Varg Windwhisper,,0,10182,gossip,,How may I help you?
3079,Varg Windwhisper,,0,10182,gossip,,How may I help you?
3084,Bluffwatcher,,0,2141,gossip,,It seems like love is drifting on the wind. I hope that I won't be left out.
3084,Bluffwatcher,,0,2141,gossip,,It seems like love is drifting on the wind. I hope that I won't be left out.
3092,Tagain,,1,2133,gossip,,It seems like love is drifting on the wind. I hope that I won't be left out.
3092,Tagain,,1,2133,gossip,,It seems like love is drifting on the wind. I hope that I won't be left out.
3093,Grod,,0,2129,gossip,,It seems like love is drifting on the wind. I hope that I won't be left out.
3093,Grod,,0,2129,gossip,,It seems like love is drifting on the wind. I hope that I won't be left out.
3095,Fela,,1,2132,gossip,,It seems like love is drifting on the wind. I hope that I won't be left out.
3095,Fela,,1,2132,gossip,,It seems like love is drifting on the wind. I hope that I won't be left out.
3136,Clarise Gnarltree,,1,4330,gossip,,"Hmm, your work is allright but it's nowhere near the quality I look for in a student. Go talk with Smith Argus in Goldshire, I'm sure he can teach you some basics. Then when you're done, come on back to me and I'll give you a little test to make sure you are ready."
3136,Clarise Gnarltree,,1,4330,gossip,,"You do fine work, but it's a bit rough around the edges. Don't worry about it, it will come with practice. Speaking of which, how about we see what you've been working on?"
3136,Clarise Gnarltree,,1,4330,gossip,,"Now I'm the one who feels rough around the edges, I honestly don't think there's anything left I can teach you. But you know who can? Bengus Deepforge in Ironforge, now there's a dwarf that knows his steel. Go look him up in The Great Forge of Ironforge, see if he's up to having a new trainee under him."
3137,Matt Johnson,,0,4333,gossip,,I can instruct you in mining.  Interested?
3137,Matt Johnson,,0,4333,gossip,,I can instruct you in mining.  Interested?
3139,Gar'Thok,,0,3736,gossip,,"Keep your eyes open, $c. Even Durotar is not safe from our enemies."
3184,Miao'zan,,0,4071,gossip,,"Ready for another lesson? All right, then. First, relax. You gotta stay loose to stir a potion just right."
3184,Miao'zan,,0,4071,gossip,,"You got questions, but they be too big for me to answer, $N. You be needin' to have words with the orc Yelmak in the Drag of Orgrimmar. He'll help you out."
3189,Kor'ghan,,0,4073,gossip,,"It has been years since I have thought with my heart, but it's all flooding back."
3189,Kor'ghan,,0,4073,gossip,,"It has been years since I have thought with my heart, but it's all flooding back."
3233,Lorekeeper Raintotem,,0,3817,gossip,,Only the most valiant and honorable amongst the tribe can earn the honor of being laid to rest at Red Rocks.
3290,Deek Fizzlebizz,,0,1832,gossip,,Your current aptitude exceeds my instructional capabilities. You should enquire further with my fellow Gnome Trixie Quickswitch in Ironforge!
3290,Deek Fizzlebizz,,0,1832,gossip,,I would be delighted to aid you in the commencement of your pursuit! Let me grab my spinner and we'll get started...
3293,Rezlak,,0,7129,gossip,,"Try to ignore the firm, feathery behinds of the harpies... the creatures are really quite deadly!"
3341,Gann Stonespire,,0,3844,gossip,,"Kneel beside me, friend. I caught a bullet during that last raid.$B$B<Gann grunts in pain as he tries to shift position. His left hand clutches a wound, blood welling between his quivering fingers.>$B$BWhen the dwarves first invaded the Barrens, I contented myself with harassing their diggers and sabotaging their equipment. I should've struck a killing blow when I had the chance."
3345,Godan,,0,1366,gossip,,"You are unfit to train with me, stranger. Spend some time with my assistant Jhag over there."
3345,Godan,,0,1366,gossip,,"Well done! You have that spark in your eye, I know it well, it's the same spark I had when I was but a pup! Now, let's see if I can't teach you something."
3357,Makaru,,0,1379,gossip,,I can instruct you in mining.  Interested?
3357,Makaru,,0,1379,gossip,,I can instruct you in mining.  Interested?
3363,Magar,,0,1385,gossip,,"You need to learn from someone who knows more than I do. Go talk to Josef Gregorian in Undercity. Well, what are you still doing here?"
3363,Magar,,0,1385,gossip,,"What? Why are you bothering me? Why, I bet you can't even create a high quality robe! Go talk to Snang and come back when you're worthy of my talents!"
3399,Zamja,,1,2734,gossip,,"Wulan in Shadowprey Village can sell you the ""Expert Cookbook"".  You will need that if you are to better yourself."
3399,Zamja,,1,2734,gossip,,"Wulan in Shadowprey Village can sell you the ""Expert Cookbook"".  You will need that if you are to better yourself."
3400,Xen'to,,0,2735,gossip,,"It has been years since I have thought with my heart, but it's all flooding back."
3400,Xen'to,,0,2735,gossip,,"It has been years since I have thought with my heart, but it's all flooding back."
3401,Shenthul,,0,4360,gossip,,"The Shattered Hand's influence dominates these lands. We are the veil which covers Kalimdor: The protectorates, the police, the judges, the jury, and ultimately, the executioners. We see all, we know all.$B$BYou have grown much in the time which you have spent in service of the Hand, $N. The time has come to send you into the field.$B$BAre you prepared to undertake your next mission?$B"
3405,Zeal'aya,,1,4362,gossip,,"It has been years since I have thought with my heart, but it's all flooding back."
3405,Zeal'aya,,1,4362,gossip,,"It has been years since I have thought with my heart, but it's all flooding back."
3409,Zendo'jian,,0,4363,gossip,,"It has been years since I have thought with my heart, but it's all flooding back."
3409,Zendo'jian,,0,4363,gossip,,"It has been years since I have thought with my heart, but it's all flooding back."
3410,Jin'sora,,0,4359,gossip,,"It has been years since I have thought with my heart, but it's all flooding back."
3410,Jin'sora,,0,4359,gossip,,"It has been years since I have thought with my heart, but it's all flooding back."
3411,Denni'ka,,1,4357,gossip,,What you want?
3412,Nogg,,0,7135,gossip,,You have earned the privilege of training with a higher instructor. Go see my pal Roxxik there.
3412,Nogg,,0,7135,gossip,,"You have not yet earned the right to train with me. See Thund first, over by the table. Come back when he says you're ready!"
3412,Nogg,,0,7135,gossip,,"You have passed your test, well done! Your training may now continue."
3418,Kirge Sternhorn,,0,3818,gossip,,"A foul wind blows from the East, $c."
3447,Pawe Mistrunner,,1,4383,gossip,,It seems like love is drifting on the wind. I hope that I won't be left out.
3447,Pawe Mistrunner,,1,4383,gossip,,It seems like love is drifting on the wind. I hope that I won't be left out.
3467,Baron Longshore,,2,797,gossip,,"What're ye starin' at, $r? Come ta torment the condemned?"
3467,Baron Longshore,,2,797,gossip,,"<The Baron lifts his manacles.>$B$BCome on then, $c. Do ye trust me?"
3467,Baron Longshore,,2,797,gossip,,Missing US text
3484,Kil'hala,,0,4094,gossip,,"At dis point you know as much as I do, mon. Maybe you go see Magar in Orgrimmar. He not be da happiest tailor around, but he help you anyway."
3484,Kil'hala,,0,4094,gossip,,Dat's da attitude! Grab a needle and thread and let's get jammin'!
3494,Tinkerwiz,,0,7073,gossip,,"Yeah, I'll show you a few things. We'll see how you do, maybe you'll surprise me!"
3494,Tinkerwiz,,0,7073,gossip,,"I'm afraid you're out of my league, friend! You should go see Nogg in Orgrimmar, he'll take you to the next level!"
3605,Nadyia Maneweaver,,1,1719,gossip,,"My apologies, but you have already learned everything I know. The night elf Faldron could offer you further training, however. Look for him in the Craftsmen's Terrace of Darnassus."
3606,Alanna Raveneye,,1,1717,gossip,,"You have truly accelled in your knowledge of enchanting. There is much more to learn, if you are willing. Speak to Taladan, in the Craftsmen's Terrace in Darnassus."
3606,Alanna Raveneye,,1,1717,gossip,,"Open your mind, wanderer, and we shall begin."
3685,Harb Clawhoof,,0,4300,gossip,,"You are not known to my people.  A kodo is a mighty steed, and it is the product of love and care by my people; such is not given onto strangers.  Until the elders of Thunder Bluff consider you to be exalted, I cannot offer you the sale of a kodo."
3685,Harb Clawhoof,,0,4300,gossip,,"You are not known to my people.  A kodo is a mighty steed, and it is the product of love and care by my people; such is not given onto strangers.  Until the elders of Thunder Bluff consider you to be exalted, I cannot offer you the sale of a kodo."
3691,Raene Wolfrunner,,1,1980,gossip,,"You have completed Teronis' mission, and I appreciate all you have done, $N."
3704,Mahani,,1,3896,gossip,,"Your knowledge is great, traveler. You must learn from one who is wiser than I. Many tales have been told of the wisdom of Josef Gregorian. You may find him in Undercity."
3704,Mahani,,1,3896,gossip,,"Expertly accomplished! Now, let us continue your education..."
3845,Shindrell Swiftfire,,1,4126,gossip,,"Greetings, $c. Our position here is a bit exposed given the build up of the Horde's forces to the south.$B$BAnything that you can do to help will be greatly appreciated."
3846,Talen,,0,4173,gossip,,"Welcome, $g sir : my lady;. This is a much better camp than the one that I used to have.$B$BIt's good to have company. They've been nice enough to teach me some of their fighting techniques so that I can hold my own against the Horde."
3848,Kayneth Stillwind,,0,4170,gossip,,It's good to hear the voices of others here in Forest Song again. I'd begun to feel as though I might be the last of the kaldorei ever to set eyes on these lands before their descent into corruption.
3881,Grimtak,,0,3755,gossip,,How may I help you?
3881,Grimtak,,0,3755,gossip,,How may I help you?
3936,Shandris Feathermoon,,1,2035,gossip,,Missing US text
3936,Shandris Feathermoon,,1,2035,gossip,,"The forces of the Sentinel Army hold back the Horde across all of Kalimdor. While the war continues in Ashenvale and Stonetalon, our forces are also needed here, to protect these remaining wilds and prevent our enemies from gaining further footholds."
3964,Kylanna,,1,4181,gossip,,"I'm sorry, $N, but I have no time to spend on novices. You want someone closer to your own skill level. Try the night elf Milla Fairancora, in the Craftsmen's Terrace of Darnassus."
3964,Kylanna,,1,4181,gossip,,"Teaching is not a one-sided trade, $N. As I teach you, I learn more myself, and my understanding grows."
3967,Aayndia Floralwind,,1,2053,gossip,,Training you further is beyond my abilities. Speak to Telonis in the Craftsmen's Terrace of Darnassus. He is always glad to help talented students.
3967,Aayndia Floralwind,,1,2053,gossip,,I only teach students who have already mastered the basics. You must seek out the night elf Darianna in the Craftsmen's Terrace of Darnassus. Her skills will be a perfect complement to yours.
3978,Sage Truthseeker,,0,4518,gossip,,It seems like love is drifting on the wind. I hope that I won't be left out.
3978,Sage Truthseeker,,0,4518,gossip,,It seems like love is drifting on the wind. I hope that I won't be left out.
4159,Me'lynn,,1,2213,gossip,,"There are basics that must be learned. Trianna is standing nearby, speak with her and return to me later."
4159,Me'lynn,,1,2213,gossip,,"You have done well, traveler. I am proud to call you my student!"
4161,Lysheana,,1,2216,gossip,,Elune's grace upon you.  How can I serve?
4193,Grondal Moonbreeze,,0,4400,gossip,,It is time for you to journey to Darnassus and speak to Me'lynn. She will guide you from now on.
4193,Grondal Moonbreeze,,0,4400,gossip,,I would be happy to take you under my wing. Let us begin.
4212,Telonis,,0,2270,gossip,,"You have advanced beyond my skill to teach you. Journey now to Aerie Peak in the Hinterlands and speak with the dwarf Drakk Stonehand. His work is magnificent, far better than my own."
4213,Taladan,,0,2266,gossip,,"You are an exceptional enchanter. Beyond my talents as a teacher, I fear. Seek out Kitta Firewind at the Tower of Azora. Only she can qualify as your instructor now."
4213,Taladan,,0,2266,gossip,,"You have not yet learned the basics, wanderer. Have you spoken to my assistant, Lalina Summermoon? Perhaps you should."
4254,Geofram Bouldertoe,,0,3092,gossip,,I can instruct you in mining.  Interested?
4254,Geofram Bouldertoe,,0,3092,gossip,,I can instruct you in mining.  Interested?
4258,Bengus Deepforge,,0,3097,gossip,,"I can't say enough about yer work, truly amazing things that ye can do with a hammer and an anvil. Now, don't be tellin anyone that I suggested ye go find a goblin to teach ye but that's exactly what I'm gonna do. Brikk Keencraft is his name, and last I heard he was operating a shop down in Booty bay."
4265,Nyoma,,1,4236,gossip,,"Welcome to Dolanaar, $c. Let me know if you need any recipes or basic cooking ingredients."
4451,Auld Stonespire,,0,4568,gossip,,It seems like love is drifting on the wind. I hope that I won't be left out.
4451,Auld Stonespire,,0,4568,gossip,,It seems like love is drifting on the wind. I hope that I won't be left out.
4488,Parqual Fintallas,,0,10197,gossip,,"Now, answer me this, $N:$BWhich creature became the Lich King before spreading the plague across Lordaeron?"
4501,Draz'Zilb,,2,11539,gossip,,I will never call Brackenwall Village my home. To do so is to give up hope of reclaiming our rightful lands.
4552,Eunice Burch,,1,2662,gossip,,"Wulan in Shadowprey Village can sell you the ""Expert Cookbook"".  You will need that if you are to better yourself."
4552,Eunice Burch,,1,2662,gossip,,"Wulan in Shadowprey Village can sell you the ""Expert Cookbook"".  You will need that if you are to better yourself."
4576,Josef Gregorian,,0,2634,gossip,,You require the instruction of a true master! Go to Daryl Stack in Tarren Mill and embrace your destiny!
4576,Josef Gregorian,,0,2634,gossip,,Good! I can tell that my efforts will not be wasted!
4586,Graham Van Talen,,0,2630,gossip,,"You are ready for greater things! See Franklin Lloyd, to my right. He will guide you from now on."
4586,Graham Van Talen,,0,2630,gossip,,Engineering will provide you with the skills and knowledge to dismantle your opponents! Let me show you how...
4598,Brom Killian,,0,2617,gossip,,I can instruct you in mining.  Interested?
4598,Brom Killian,,0,2617,gossip,,I can instruct you in mining.  Interested?
4609,Doctor Marsh,,0,2624,gossip,,"I'm not amused by your audacity in coming to me for training. Go through the archway and down the ramp to the southeast, and talk to Doctor Martin Felben. He is a Forsaken who can teach you the basics."
4616,Lavinia Crowe,,1,12955,gossip,,"No, no, you'll need FAR more training before you're ready to learn from me! Go talk to that uptight dabbler Malcomb Wynn. He's the one buried in books over there."
4616,Lavinia Crowe,,1,12955,gossip,,"Well, I've seen better. But, you have potential, I won't deny it. Pay attention and you just might learn something!"
4618,Martek the Exiled,,0,4898,gossip,,"What brings you to a bunch of old, washed-up desert dogs like us?"
4721,Zangen Stonehoof,,0,2738,gossip,,It seems like love is drifting on the wind. I hope that I won't be left out.
4721,Zangen Stonehoof,,0,2738,gossip,,It seems like love is drifting on the wind. I hope that I won't be left out.
4900,Alchemist Narett,,0,4832,gossip,,"I'm sorry, $N, but I have no time to spend on novices. You want someone closer to your own skill level. Try the night elf Milla Fairancora, in the Craftsmen's Terrace of Darnassus."
4921,Guard Byron,,0,2910,gossip,,Welcome to Theramore.
4941,Caz Twosprocket,,0,2950,gossip,,"With all the Siege Engines nearly complete, I'm getting a bit bored!$B$B$B$BYou're not an engineer, are you? Care to compare blueprints...?"
5127,Fimble Finespindle,,0,3104,gossip,,"Well, I declare! It's a new student! I'll gladly teach you everything I know once you have a little more skill. Go talk to Gretta Finespindle over there, would you? She'll have you up to speed in no time."
5157,Gimble Thistlefuzz,,0,3111,gossip,,"What do I look like, the Grand Poobah of enchanters? Your skills require the guidance of an Artisan! Go find Kitta Firewind at the Tower of Azora."
5164,Grumnus Steelshaper,,0,3099,gossip,,"$N, was it? That is a mighty fine piece of work ye have there. I'll take ye on, train ye how to make armor fit fer King Magni himself."
5164,Grumnus Steelshaper,,0,3099,gossip,,"Welcome back to the Great Forge, $N. Ye come to visit an old Dwarf or do ye think yer ready for the next step in yer training?"
5174,Springspindle Fizzlegear,,0,3117,gossip,,The things I would teach you would turn your brain to jelly! Come back when you've learned sufficiently!
5177,Tally Berryfizz,,1,3124,gossip,,"That's nice, $N. Go show whatever it is to Vosur over there. He'll answer any questions you have."
5188,Garyl,,1,3128,gossip,,Looking for a tabard?
5188,Garyl,,1,3128,gossip,,Looking for a tabard?
5189,Thrumn,,0,3129,gossip,,Looking for a tabard?
5189,Thrumn,,0,3129,gossip,,Looking for a tabard?
5190,Merill Pleasance,,1,3130,gossip,,Looking for a tabard?
5190,Merill Pleasance,,1,3130,gossip,,Looking for a tabard?
5191,Shalumon,,0,3131,gossip,,Looking for a tabard?
5191,Shalumon,,0,3131,gossip,,Looking for a tabard?
5384,Brohann Caskbelly,,0,5079,gossip,,"Don't let the humans in the Bazaar fool ye $g lad : lass;, with the subway those gnomes built it's easier than ye might think to transport goods from Ironforge. If they try to tack on import fees just tell them yer gonna buy yer gear from me."
5384,Brohann Caskbelly,,0,5079,gossip,,"Don't let the humans in the Bazaar fool ye $g lad : lass;, with the subway those gnomes built it's easier than ye might think to transport goods from Ironforge. If they try to tack on import fees just tell them yer gonna buy yer gear from me."
5392,Yarr Hammerstone,,0,3396,gossip,,I can instruct you in mining.  Interested?
5392,Yarr Hammerstone,,0,3396,gossip,,I can instruct you in mining.  Interested?
5395,Felgur Twocuts,,0,4694,gossip,,"Make it quick, $r."
5413,Furen Longbeard,,0,4997,gossip,,"Don't let the humans in the Bazaar fool ye $g lad : lass;, with the subway those gnomes built it's easier than ye might think to transport goods from Ironforge. If they try to tack on import fees just tell them yer gonna buy yer gear from me."
5413,Furen Longbeard,,0,4997,gossip,,"Don't let the humans in the Bazaar fool ye $g lad : lass;, with the subway those gnomes built it's easier than ye might think to transport goods from Ironforge. If they try to tack on import fees just tell them yer gonna buy yer gear from me."
5499,Lilyssia Nightbreeze,,1,3295,gossip,,"My teachings would be too advanced for you at this stage. If you wish to learn more of potions, speak with Tel'Athir here instead."
5509,Kathrum Axehand,,0,3305,gossip,,"Don't let the humans in the Bazaar fool ye $g lad : lass;, with the subway those gnomes built it's easier than ye might think to transport goods from Ironforge. If they try to tack on import fees just tell them yer gonna buy yer gear from me."
5509,Kathrum Axehand,,0,3305,gossip,,"Don't let the humans in the Bazaar fool ye $g lad : lass;, with the subway those gnomes built it's easier than ye might think to transport goods from Ironforge. If they try to tack on import fees just tell them yer gonna buy yer gear from me."
5518,Lilliam Sparkspindle,,0,3314,gossip,,"You can learn from me in time, but not yet! Why don't you start out by talking to Sprite Jumpsprocket to my right here. You can check in with me after you've gotten your feet wet!"
5520,Spackle Thornberry,,0,3316,gossip,,"Sorry, but my services are only of use to warlocks."
5520,Spackle Thornberry,,0,3316,gossip,,"Sorry, but my services are only of use to warlocks."
5520,Spackle Thornberry,,0,3316,gossip,,"Weary of one of your demonic charges? Hoping for one with a more pleasing name?$B$B$B$BFor a price, I can assist you in the obliteration of a current minion so that you may summon an entirely new one..."
5520,Spackle Thornberry,,0,3316,gossip,,"Weary of one of your demonic charges? Hoping for one with a more pleasing name?$B$B$B$BFor a price, I can assist you in the obliteration of a current minion so that you may summon an entirely new one..."
5567,Sellandus,,0,3444,gossip,,"You are beyond my level of expertise. Georgio Bolero, the master of Duncan's Textiles around the corner could help you advance your skills."
5567,Sellandus,,0,3444,gossip,,Speak with Lawrence Shneider at Duncan's Textiles around the corner to the left. He is adept at dealing with beginners.
5567,Sellandus,,0,3444,gossip,,A fine display of worthiness. Your instruction may now continue.
5610,Kozish,,0,7137,gossip,,"After all these years of fighting, now everyone's falling in love!"
5610,Kozish,,0,7137,gossip,,"After all these years of fighting, now everyone's falling in love!"
5613,Doyo'da,,0,3608,gossip,,"It has been years since I have thought with my heart, but it's all flooding back."
5613,Doyo'da,,0,3608,gossip,,"It has been years since I have thought with my heart, but it's all flooding back."
5695,Vance Undergloom,,0,4039,gossip,,Even I have my limitations! Go talk to Lavinia Crowe in Undercity if you wish to further your training.
5698,Joanna Whitehall,,1,4052,gossip,,Leave off. I don't have anything for the likes of you.
5698,Joanna Whitehall,,1,4052,gossip,,Leave off. I don't have anything for the likes of you.
5749,Kayla Smithe,,1,4175,gossip,,"Sorry, but my services are only of use to warlocks."
5749,Kayla Smithe,,1,4175,gossip,,"Sorry, but my services are only of use to warlocks."
5749,Kayla Smithe,,1,4175,gossip,,"Weary of one of your demonic charges? Hoping for one with a more pleasing name?$B$B$B$BFor a price, I can assist you in the obliteration of a current minion so that you may summon an entirely new one..."
5749,Kayla Smithe,,1,4175,gossip,,"Weary of one of your demonic charges? Hoping for one with a more pleasing name?$B$B$B$BFor a price, I can assist you in the obliteration of a current minion so that you may summon an entirely new one..."
5750,Gina Lang,,1,4176,gossip,,"Sorry, but my services are only of use to warlocks."
5750,Gina Lang,,1,4176,gossip,,"Sorry, but my services are only of use to warlocks."
5750,Gina Lang,,1,4176,gossip,,"Weary of one of your demonic charges? Hoping for one with a more pleasing name?$B$B$B$BFor a price, I can assist you in the obliteration of a current minion so that you may summon an entirely new one..."
5750,Gina Lang,,1,4176,gossip,,"Weary of one of your demonic charges? Hoping for one with a more pleasing name?$B$B$B$BFor a price, I can assist you in the obliteration of a current minion so that you may summon an entirely new one..."
5753,Martha Strain,,1,4149,gossip,,"Sorry, but my services are only of use to warlocks."
5753,Martha Strain,,1,4149,gossip,,"Sorry, but my services are only of use to warlocks."
5753,Martha Strain,,1,4149,gossip,,"Weary of one of your demonic charges? Hoping for one with a more pleasing name?$B$B$B$BFor a price, I can assist you in the obliteration of a current minion so that you may summon an entirely new one..."
5753,Martha Strain,,1,4149,gossip,,"Weary of one of your demonic charges? Hoping for one with a more pleasing name?$B$B$B$BFor a price, I can assist you in the obliteration of a current minion so that you may summon an entirely new one..."
5770,Nara Wildmane,,1,4513,gossip,,It seems like love is drifting on the wind. I hope that I won't be left out.
5770,Nara Wildmane,,1,4513,gossip,,It seems like love is drifting on the wind. I hope that I won't be left out.
5815,Kurgul,,0,4354,gossip,,"Sorry, but my services are only of use to warlocks."
5815,Kurgul,,0,4354,gossip,,"Sorry, but my services are only of use to warlocks."
5815,Kurgul,,0,4354,gossip,,"Weary of one of your demonic charges? Hoping for one with a more pleasing name?$B$B$B$BFor a price, I can assist you in the obliteration of a current minion so that you may summon an entirely new one..."
5815,Kurgul,,0,4354,gossip,,"Weary of one of your demonic charges? Hoping for one with a more pleasing name?$B$B$B$BFor a price, I can assist you in the obliteration of a current minion so that you may summon an entirely new one..."
5843,Slave Worker,,2,487,gossip,,Who are you?
5843,Slave Worker,,2,487,gossip,,Who are you?
5843,Slave Worker,,2,487,gossip,,"Get out of here, before the slavers see you!"
5843,Slave Worker,,2,487,gossip,,"Get out of here, before the slavers see you!"
5843,Slave Worker,,2,487,gossip,,Are you... here to save me?
5843,Slave Worker,,2,487,gossip,,Are you... here to save me?
5875,Gan'rul Bloodeye,,0,4492,gossip,,What is it?
5892,Searn Firewarder,,0,4534,gossip,,"It has been years since I have thought with my heart, but it's all flooding back."
5892,Searn Firewarder,,0,4534,gossip,,"It has been years since I have thought with my heart, but it's all flooding back."
5906,Xanis Flameweaver,,0,4542,gossip,,It seems like love is drifting on the wind. I hope that I won't be left out.
5906,Xanis Flameweaver,,0,4542,gossip,,It seems like love is drifting on the wind. I hope that I won't be left out.
6027,Kitha,,1,4728,gossip,,"Sorry, but my services are only of use to warlocks."
6027,Kitha,,1,4728,gossip,,"Sorry, but my services are only of use to warlocks."
6027,Kitha,,1,4728,gossip,,"Weary of one of your demonic charges? Hoping for one with a more pleasing name?$B$B$B$BFor a price, I can assist you in the obliteration of a current minion so that you may summon an entirely new one..."
6027,Kitha,,1,4728,gossip,,"Weary of one of your demonic charges? Hoping for one with a more pleasing name?$B$B$B$BFor a price, I can assist you in the obliteration of a current minion so that you may summon an entirely new one..."
6091,Dellylah,,1,4861,gossip,,Another new face? It's so good to meet you. I'm Dellylah.
6252,Acolyte Magaz,,1,4941,gossip,,"The infernal is one of the most powerful demons a warlock could hope to have at $Ghis:her; side in battle. The creature is stong, well-armored, and delivers devastating blows upon any foe. If you were to choose to put the spirit of an infernal into your weapon, you would gain some of those benefits--greater health and regeneration and the like.$B$BIf you wish to know more about felhounds, then you should speak to Wytula across from me."
6254,Acolyte Wytula,,1,4943,gossip,,"The felhound... a vicious creature indeed. It is not as physically strong as an infernal, but a wise warlock knows that brute force is not always the answer--if it was, you would have chosen the path of a warrior instead, wouldn't you?$B$BThe felhound draws upon the mana of its foes, using that and its quickness to overcome enemies. Its strength comes from the arcane and using that arcane power for its own ends.$B$BIf you wish to know more about infernals, then you should speak to Magaz across from me."
6266,Menara Voidrender,,1,4948,gossip,,"Kar Aman, $N. You look to be a strong $c--you would do well to mind yourself in this area. Touching things you know nothing about, or showing disrespect to your elders is just cause for punishment.$B$BYou may not respect me or my companions, but you will learn to respect our power if you prove foolish enough.$B$BNow, enough with the pleasantries, was there something I can do for you?"
6266,Menara Voidrender,,1,4948,gossip,,"Ah, a fellow warlock who has proven $ghis:her; worth to some degree.$B$BI am pleased to meet your acquaintance. My name is Menara Voidrender... and not without just cause.$B$BYou seem powerful and well-learned enough that other tools... more powerful tools... would be welcome and not foolishly imparted. If this is true, then speak to me further. If not, well then, you know your way  back to the docks and off into the ocean."
6266,Menara Voidrender,,1,4948,gossip,,"Have you spoken to either of my acolytes inside the tower yet, $N? We cannot complete your orb until you've done one of their tasks. Speak to them now, if you're ready."
6299,Delfrum Flintbeard,,0,5021,gossip,,"Ye've got a little skill on ye. Enough to learn ye a few things I wager. Let's see what I can teach ye, shall we?"
6301,Gorbold Steelhand,,0,5023,gossip,,A treasure hunter's life is a treacherous one. Don't be foolin' yerself.
6328,Dannie Fizzwizzle,,1,5042,gossip,,"Sorry, but my services are only of use to warlocks."
6328,Dannie Fizzwizzle,,1,5042,gossip,,"Sorry, but my services are only of use to warlocks."
6328,Dannie Fizzwizzle,,1,5042,gossip,,"Weary of one of your demonic charges? Hoping for one with a more pleasing name?$B$B$B$BFor a price, I can assist you in the obliteration of a current minion so that you may summon an entirely new one..."
6328,Dannie Fizzwizzle,,1,5042,gossip,,"Weary of one of your demonic charges? Hoping for one with a more pleasing name?$B$B$B$BFor a price, I can assist you in the obliteration of a current minion so that you may summon an entirely new one..."
6373,Dane Winslow,,0,5087,gossip,,"Sorry, but my services are only of use to warlocks."
6373,Dane Winslow,,0,5087,gossip,,"Sorry, but my services are only of use to warlocks."
6373,Dane Winslow,,0,5087,gossip,,"Weary of one of your demonic charges? Hoping for one with a more pleasing name?$B$B$B$BFor a price, I can assist you in the obliteration of a current minion so that you may summon an entirely new one..."
6373,Dane Winslow,,0,5087,gossip,,"Weary of one of your demonic charges? Hoping for one with a more pleasing name?$B$B$B$BFor a price, I can assist you in the obliteration of a current minion so that you may summon an entirely new one..."
6374,Cylina Darkheart,,1,5092,gossip,,"Sorry, but my services are only of use to warlocks."
6374,Cylina Darkheart,,1,5092,gossip,,"Sorry, but my services are only of use to warlocks."
6374,Cylina Darkheart,,1,5092,gossip,,"Weary of one of your demonic charges? Hoping for one with a more pleasing name?$B$B$B$BFor a price, I can assist you in the obliteration of a current minion so that you may summon an entirely new one..."
6374,Cylina Darkheart,,1,5092,gossip,,"Weary of one of your demonic charges? Hoping for one with a more pleasing name?$B$B$B$BFor a price, I can assist you in the obliteration of a current minion so that you may summon an entirely new one..."
6382,Jubahl Corpseseeker,,0,5085,gossip,,"Sorry, but my services are only of use to warlocks."
6382,Jubahl Corpseseeker,,0,5085,gossip,,"Sorry, but my services are only of use to warlocks."
6382,Jubahl Corpseseeker,,0,5085,gossip,,"Weary of one of your demonic charges? Hoping for one with a more pleasing name?$B$B$B$BFor a price, I can assist you in the obliteration of a current minion so that you may summon an entirely new one..."
6382,Jubahl Corpseseeker,,0,5085,gossip,,"Weary of one of your demonic charges? Hoping for one with a more pleasing name?$B$B$B$BFor a price, I can assist you in the obliteration of a current minion so that you may summon an entirely new one..."
6410,Orm Stonehoof,,0,5372,gossip,,It seems like love is drifting on the wind. I hope that I won't be left out.
6410,Orm Stonehoof,,0,5372,gossip,,It seems like love is drifting on the wind. I hope that I won't be left out.
6579,Shoni the Shilent,,1,5378,gossip,,"If you insert tab A into slot B then of course it's going to go BOOM! Here, let me show you what I have and then you can ask Lilliam about how to put it together so it doesn't blow up."
6579,Shoni the Shilent,,1,5378,gossip,,"If you insert tab A into slot B then of course it's going to go BOOM! Here, let me show you what I have and then you can ask Lilliam about how to put it together so it doesn't blow up."
6749,Erma,,1,9257,gossip,,"Greetings, $c. I can help stable your pets or assist you in recovering lost companions."
6749,Erma,,1,9257,gossip,,"Greetings, $c. I can help stable your pets or assist you in recovering lost companions."
6749,Erma,,1,9257,gossip,,"Greetings, $c. I can assist you in recovering lost companions."
6749,Erma,,1,9257,gossip,,"Greetings, $c. I can assist you in recovering lost companions."
6766,Ravenholdt Guard,,0,6573,gossip,,Missing US text
6771,Ravenholdt Assassin,,0,5907,gossip,,"You're shaping up nicely, $N. I've heard good things..."
6771,Ravenholdt Assassin,,0,5907,gossip,,"You're shaping up nicely, $N. I've heard good things..."
6771,Ravenholdt Assassin,,0,5907,gossip,,You should talk to Winstone. I hear he's looking for thieves with your skill.
6771,Ravenholdt Assassin,,0,5907,gossip,,You should talk to Winstone. I hear he's looking for thieves with your skill.
6771,Ravenholdt Assassin,,0,5907,gossip,,Missing US text
6782,Hands Springsprocket,,0,9211,gossip,,"How do you do, $c?"
7294,Shim'la,,1,6064,gossip,,"It has been years since I have thought with my heart, but it's all flooding back."
7294,Shim'la,,1,6064,gossip,,"It has been years since I have thought with my heart, but it's all flooding back."
7770,Winkey,,1,7000,gossip,,"Hey there, cutie!  Mind rubbing some lotion on my exposed areas?"
7793,Ox,,0,6854,gossip,,It seems like love is drifting on the wind. I hope that I won't be left out.
7793,Ox,,0,6854,gossip,,It seems like love is drifting on the wind. I hope that I won't be left out.
7854,Jangdor Swiftstrider,,0,6893,gossip,,"Welcome to Camp Mojache, brave $C. How may I assist you this day?"
7868,Sarah Tanner,,1,7030,gossip,,Oh hi! My name's Sarah. What can I do for you?
7937,High Tinker Mekkatorque,,0,7006,gossip,,Welcome to Tinker Town!
7949,Xylinnia Starshine,,1,7020,gossip,,"If you are seeking a truly rewarding pursuit, then a life of enchanting is for you!"
7949,Xylinnia Starshine,,1,7020,gossip,,"I know many things, stranger, but your knowledge rivals my own. Enchanters who wish to hone their skills further are known to travel to the Tower of Azora, where an artisan named Kitta Firewind resides."
7949,Xylinnia Starshine,,1,7020,gossip,,Why don't we see just what you're capable of? If you complete the task I shall be happy to further your training!
7951,Zas'Tysh,,0,15352,gossip,,"Hail $c. Didn't I see you recently at an exclusive gathering? You look familiar, but then again this city is a busy place.$B$BIf you attended that convention, then surely you were given a secret code. Tell me your code and I will give you a special prize in return."
7951,Zas'Tysh,,0,15352,gossip,,"Hail $c. Didn't I see you recently at an exclusive gathering? You look familiar, but then again this city is a busy place.$B$BIf you attended that convention, then surely you were given a secret code. Tell me your code and I will give you a special prize in return."
7952,Zjolnir,,0,7037,gossip,,"I'm sorry $g mon : sis;, but I won't be sellin' my raptors to someone who hasn't proven themselves to be exalted to the Darkspear tribe.  When ya make a stand and show yourself to be no less than exalted to us, then I'll make my raptors available to ya."
7952,Zjolnir,,0,7037,gossip,,"I'm sorry $g mon : sis;, but I won't be sellin' my raptors to someone who hasn't proven themselves to be exalted to the Darkspear tribe.  When ya make a stand and show yourself to be no less than exalted to us, then I'll make my raptors available to ya."
7953,Xar'Ti,,1,7040,gossip,,"You need to be exalted with the trolls of the Darkspear tribe before I will teach you a riding skill, $c."
7953,Xar'Ti,,1,7040,gossip,,"You need to be exalted with the trolls of the Darkspear tribe before I will teach you a riding skill, $c."
8306,Duhng,,0,7530,gossip,,"Wulan in Shadowprey Village can sell you the ""Expert Cookbook"".  You will need that if you are to better yourself."
8306,Duhng,,0,7530,gossip,,"Wulan in Shadowprey Village can sell you the ""Expert Cookbook"".  You will need that if you are to better yourself."
8358,Hewa,,0,7622,gossip,,It seems like love is drifting on the wind. I hope that I won't be left out.
8358,Hewa,,0,7622,gossip,,It seems like love is drifting on the wind. I hope that I won't be left out.
8360,Elki,,0,7624,gossip,,It seems like love is drifting on the wind. I hope that I won't be left out.
8360,Elki,,0,7624,gossip,,It seems like love is drifting on the wind. I hope that I won't be left out.
8361,Chepi,,1,7625,gossip,,It seems like love is drifting on the wind. I hope that I won't be left out.
8361,Chepi,,1,7625,gossip,,It seems like love is drifting on the wind. I hope that I won't be left out.
8362,Kuruk,,0,7626,gossip,,It seems like love is drifting on the wind. I hope that I won't be left out.
8362,Kuruk,,0,7626,gossip,,It seems like love is drifting on the wind. I hope that I won't be left out.
8363,Shadi Mistrunner,,1,7628,gossip,,It seems like love is drifting on the wind. I hope that I won't be left out.
8363,Shadi Mistrunner,,1,7628,gossip,,It seems like love is drifting on the wind. I hope that I won't be left out.
8364,Pakwa,,1,7627,gossip,,It seems like love is drifting on the wind. I hope that I won't be left out.
8364,Pakwa,,1,7627,gossip,,It seems like love is drifting on the wind. I hope that I won't be left out.
8380,Captain Vanessa Beltis,,1,7592,gossip,,"Ahoy, $N! Not a pretty picture, is it?$B$BThe Horizon Scout at the bottom of the sea, my crew in shambles, and our cargo and passengers strewn about like so much debris that you'd think this was one of Stormwind's canals after a festival.$B$BAnd that's not where the trouble ends..."
8380,Captain Vanessa Beltis,,1,7592,gossip,,"You'll have to give me a moment, $c, the naga are attacking us right now. I'll speak to you as soon as the attack is done!"
8398,Ohanko,,0,10689,gossip,,It seems like love is drifting on the wind. I hope that I won't be left out.
8398,Ohanko,,0,10689,gossip,,It seems like love is drifting on the wind. I hope that I won't be left out.
8404,Xan'tish,,0,7631,gossip,,"It has been years since I have thought with my heart, but it's all flooding back."
8404,Xan'tish,,0,7631,gossip,,"It has been years since I have thought with my heart, but it's all flooding back."
8416,Felix Whindlebolt,,0,7852,gossip,,Oh dear.  Things aren't looking good for Felix.
8582,Kadrak,,0,7889,gossip,,"What is it, $c?"
8586,Haggrum Bloodfist,,0,7875,gossip,,I remember when my brother and I would camp alone in the Azshara wilderness. Look at it now.
8664,Saern Priderunner,,1,7936,gossip,,"May the Sun's light protect you, $c."
8664,Saern Priderunner,,1,7936,gossip,,"May the Sun's light protect you, $c."
9021,Kharan Mighthammer,,0,8708,gossip,,"Get it over with you filthy $r.$B$B<Kharan lowers his head, exposing his stubby neck.>"
9037,Gloom'rel,,0,8689,gossip,,"Your will is strong, and your intent is clear.$B$BPerhaps you are worthy..."
9177,Oralius,,0,8872,gossip,,What?
9177,Oralius,,0,8872,gossip,,What?
9317,Rilli Greasygob,,0,8631,gossip,,"After all these years of fighting, now everyone's falling in love!"
9317,Rilli Greasygob,,0,8631,gossip,,"After all these years of fighting, now everyone's falling in love!"
9460,Gadgetzan Bruiser,,0,11375,gossip,,We're here to protect Gadgetzan interests in Un'Goro and that's none of your business.
9460,Gadgetzan Bruiser,,0,11375,gossip,,"On behalf of the illustrious and still neutral Steamwheedle Cartel, I hope you enjoy your stay.$B$BRemember, everyone is welcome in Gadgetzan! Everyone except pirates."
9528,Arathandris Silversky,,1,8657,gossip,,"""Darnassae?""$B$BThe night elf druid looks at you expectantly, but it is clear you cannot verbally communicate with her.  Undaunted, she points to herself and smiles.  She points at you and smiles once more.  She finally motions several times down the path to the north.$B$BPerhaps she is indicating that there is a druid you can speak to further up the road?"
9540,Enohar Thunderbrew,,1,8659,gossip,,Things can get a little stuffy here in Nethergarde.  Sometimes a dwarf just needs a brew to take her mind off her duty for a bit.
9598,Arei,,2,11362,gossip,,The corruption of Felwood has trapped my spirit here... I may never rest...
9598,Arei,,2,11362,gossip,,"I have suffered, but now I can feel it slowly fading from me. I feel... free."
9616,Laris Geardawdle,,0,8829,gossip,,"Look at these samples! What does it mean? What does it mean? I'm going to need time, time to look at all this information. And I'll need more information. Information I can't get... damn! Think, Laris, think!$B$BWhat are you going to do? What?!$B$BThere has to be a solution!"
9976,Tharlidun,,0,9250,gossip,,"Greetings, $c. I can help stable your pets or assist you in recovering lost companions."
9976,Tharlidun,,0,9250,gossip,,"Greetings, $c. I can help stable your pets or assist you in recovering lost companions."
9976,Tharlidun,,0,9250,gossip,,"Greetings, $c. I can assist you in recovering lost companions."
9976,Tharlidun,,0,9250,gossip,,"Greetings, $c. I can assist you in recovering lost companions."
9977,Sylista,,1,9249,gossip,,"Greetings, $c. I can help stable your pets or assist you in recovering lost companions."
9977,Sylista,,1,9249,gossip,,"Greetings, $c. I can help stable your pets or assist you in recovering lost companions."
9977,Sylista,,1,9249,gossip,,"Greetings, $c. I can assist you in recovering lost companions."
9977,Sylista,,1,9249,gossip,,"Greetings, $c. I can assist you in recovering lost companions."
9978,Wesley,,0,9252,gossip,,"Greetings, $c. I can help stable your pets or assist you in recovering lost companions."
9978,Wesley,,0,9252,gossip,,"Greetings, $c. I can help stable your pets or assist you in recovering lost companions."
9978,Wesley,,0,9252,gossip,,"Greetings, $c. I can assist you in recovering lost companions."
9978,Wesley,,0,9252,gossip,,"Greetings, $c. I can assist you in recovering lost companions."
9979,Sarah Goode,,1,9251,gossip,,"Greetings, $c. I can help stable your pets or assist you in recovering lost companions."
9979,Sarah Goode,,1,9251,gossip,,"Greetings, $c. I can help stable your pets or assist you in recovering lost companions."
9979,Sarah Goode,,1,9251,gossip,,"Greetings, $c. I can assist you in recovering lost companions."
9979,Sarah Goode,,1,9251,gossip,,"Greetings, $c. I can assist you in recovering lost companions."
9980,Shelby Stoneflint,,1,9253,gossip,,"Greetings, $c. I can help stable your pets or assist you in recovering lost companions."
9980,Shelby Stoneflint,,1,9253,gossip,,"Greetings, $c. I can help stable your pets or assist you in recovering lost companions."
9980,Shelby Stoneflint,,1,9253,gossip,,"Greetings, $c. I can assist you in recovering lost companions."
9980,Shelby Stoneflint,,1,9253,gossip,,"Greetings, $c. I can assist you in recovering lost companions."
9981,Sikwa,,1,9254,gossip,,"Greetings, $c. I can help stable your pets or assist you in recovering lost companions."
9981,Sikwa,,1,9254,gossip,,"Greetings, $c. I can help stable your pets or assist you in recovering lost companions."
9981,Sikwa,,1,9254,gossip,,"Greetings, $c. I can assist you in recovering lost companions."
9981,Sikwa,,1,9254,gossip,,"Greetings, $c. I can assist you in recovering lost companions."
9982,Penny,,1,9255,gossip,,"Greetings, $c. I can help stable your pets or assist you in recovering lost companions."
9982,Penny,,1,9255,gossip,,"Greetings, $c. I can help stable your pets or assist you in recovering lost companions."
9982,Penny,,1,9255,gossip,,"Greetings, $c. I can assist you in recovering lost companions."
9982,Penny,,1,9255,gossip,,"Greetings, $c. I can assist you in recovering lost companions."
9983,Kelsuwa,,0,9256,gossip,,"Greetings, $c. I can help stable your pets or assist you in recovering lost companions."
9983,Kelsuwa,,0,9256,gossip,,"Greetings, $c. I can help stable your pets or assist you in recovering lost companions."
9983,Kelsuwa,,0,9256,gossip,,"Greetings, $c. I can assist you in recovering lost companions."
9983,Kelsuwa,,0,9256,gossip,,"Greetings, $c. I can assist you in recovering lost companions."
9984,Ulbrek Firehand,,0,9258,gossip,,"Greetings, $c. I can help stable your pets or assist you in recovering lost companions."
9984,Ulbrek Firehand,,0,9258,gossip,,"Greetings, $c. I can help stable your pets or assist you in recovering lost companions."
9984,Ulbrek Firehand,,0,9258,gossip,,"Greetings, $c. I can assist you in recovering lost companions."
9984,Ulbrek Firehand,,0,9258,gossip,,"Greetings, $c. I can assist you in recovering lost companions."
9985,Laziphus,,0,9259,gossip,,"Greetings, $c. I can help stable your pets or assist you in recovering lost companions."
9985,Laziphus,,0,9259,gossip,,"Greetings, $c. I can help stable your pets or assist you in recovering lost companions."
9985,Laziphus,,0,9259,gossip,,"Greetings, $c. I can assist you in recovering lost companions."
9985,Laziphus,,0,9259,gossip,,"Greetings, $c. I can assist you in recovering lost companions."
9986,Shyrka Wolfrunner,,1,9260,gossip,,"Greetings, $c. I can help stable your pets or assist you in recovering lost companions."
9986,Shyrka Wolfrunner,,1,9260,gossip,,"Greetings, $c. I can help stable your pets or assist you in recovering lost companions."
9986,Shyrka Wolfrunner,,1,9260,gossip,,"Greetings, $c. I can assist you in recovering lost companions."
9986,Shyrka Wolfrunner,,1,9260,gossip,,"Greetings, $c. I can assist you in recovering lost companions."
9987,Shoja'my,,1,9262,gossip,,"Greetings, $c. I can help stable your pets or assist you in recovering lost companions."
9987,Shoja'my,,1,9262,gossip,,"Greetings, $c. I can help stable your pets or assist you in recovering lost companions."
9987,Shoja'my,,1,9262,gossip,,"Greetings, $c. I can assist you in recovering lost companions."
9987,Shoja'my,,1,9262,gossip,,"Greetings, $c. I can assist you in recovering lost companions."
9988,Xon'cha,,0,9261,gossip,,"Greetings, $c. I can help stable your pets or assist you in recovering lost companions."
9988,Xon'cha,,0,9261,gossip,,"Greetings, $c. I can help stable your pets or assist you in recovering lost companions."
9988,Xon'cha,,0,9261,gossip,,"Greetings, $c. I can assist you in recovering lost companions."
9988,Xon'cha,,0,9261,gossip,,"Greetings, $c. I can assist you in recovering lost companions."
9989,Lina Hearthstove,,1,9263,gossip,,"Greetings, $c. I can help stable your pets or assist you in recovering lost companions."
9989,Lina Hearthstove,,1,9263,gossip,,"Greetings, $c. I can help stable your pets or assist you in recovering lost companions."
9989,Lina Hearthstove,,1,9263,gossip,,"Greetings, $c. I can assist you in recovering lost companions."
9989,Lina Hearthstove,,1,9263,gossip,,"Greetings, $c. I can assist you in recovering lost companions."
10045,Kirk Maxwell,,0,9265,gossip,,"Greetings, $c. I can help stable your pets or assist you in recovering lost companions."
10045,Kirk Maxwell,,0,9265,gossip,,"Greetings, $c. I can help stable your pets or assist you in recovering lost companions."
10045,Kirk Maxwell,,0,9265,gossip,,"Greetings, $c. I can assist you in recovering lost companions."
10045,Kirk Maxwell,,0,9265,gossip,,"Greetings, $c. I can assist you in recovering lost companions."
10046,Bethaine Flinthammer,,1,9264,gossip,,"Greetings, $c. I can help stable your pets or assist you in recovering lost companions."
10046,Bethaine Flinthammer,,1,9264,gossip,,"Greetings, $c. I can help stable your pets or assist you in recovering lost companions."
10046,Bethaine Flinthammer,,1,9264,gossip,,"Greetings, $c. I can assist you in recovering lost companions."
10046,Bethaine Flinthammer,,1,9264,gossip,,"Greetings, $c. I can assist you in recovering lost companions."
10047,Michael,,0,9266,gossip,,"Greetings, $c. I can help stable your pets or assist you in recovering lost companions."
10047,Michael,,0,9266,gossip,,"Greetings, $c. I can help stable your pets or assist you in recovering lost companions."
10047,Michael,,0,9266,gossip,,"Greetings, $c. I can assist you in recovering lost companions."
10047,Michael,,0,9266,gossip,,"Greetings, $c. I can assist you in recovering lost companions."
10048,Gereck,,0,9267,gossip,,"Greetings, $c. I can help stable your pets or assist you in recovering lost companions."
10048,Gereck,,0,9267,gossip,,"Greetings, $c. I can help stable your pets or assist you in recovering lost companions."
10048,Gereck,,0,9267,gossip,,"Greetings, $c. I can assist you in recovering lost companions."
10048,Gereck,,0,9267,gossip,,"Greetings, $c. I can assist you in recovering lost companions."
10049,Hekkru,,0,9268,gossip,,"Greetings, $c. I can help stable your pets or assist you in recovering lost companions."
10049,Hekkru,,0,9268,gossip,,"Greetings, $c. I can help stable your pets or assist you in recovering lost companions."
10049,Hekkru,,0,9268,gossip,,"Greetings, $c. I can assist you in recovering lost companions."
10049,Hekkru,,0,9268,gossip,,"Greetings, $c. I can assist you in recovering lost companions."
10050,Seikwa,,1,9269,gossip,,"Greetings, $c. I can help stable your pets or assist you in recovering lost companions."
10050,Seikwa,,1,9269,gossip,,"Greetings, $c. I can help stable your pets or assist you in recovering lost companions."
10050,Seikwa,,1,9269,gossip,,"Greetings, $c. I can assist you in recovering lost companions."
10050,Seikwa,,1,9269,gossip,,"Greetings, $c. I can assist you in recovering lost companions."
10051,Seriadne,,1,9270,gossip,,"Greetings, $c. I can help stable your pets or assist you in recovering lost companions."
10051,Seriadne,,1,9270,gossip,,"Greetings, $c. I can help stable your pets or assist you in recovering lost companions."
10051,Seriadne,,1,9270,gossip,,"Greetings, $c. I can assist you in recovering lost companions."
10051,Seriadne,,1,9270,gossip,,"Greetings, $c. I can assist you in recovering lost companions."
10052,Maluressian,,0,9271,gossip,,"Greetings, $c. I can help stable your pets or assist you in recovering lost companions."
10052,Maluressian,,0,9271,gossip,,"Greetings, $c. I can help stable your pets or assist you in recovering lost companions."
10052,Maluressian,,0,9271,gossip,,"Greetings, $c. I can assist you in recovering lost companions."
10052,Maluressian,,0,9271,gossip,,"Greetings, $c. I can assist you in recovering lost companions."
10053,Anya Maulray,,1,9273,gossip,,"Greetings, $c. I can help stable your pets or assist you in recovering lost companions."
10053,Anya Maulray,,1,9273,gossip,,"Greetings, $c. I can help stable your pets or assist you in recovering lost companions."
10053,Anya Maulray,,1,9273,gossip,,"Greetings, $c. I can assist you in recovering lost companions."
10053,Anya Maulray,,1,9273,gossip,,"Greetings, $c. I can assist you in recovering lost companions."
10054,Bulrug,,0,9272,gossip,,"Greetings, $c. I can help stable your pets or assist you in recovering lost companions."
10054,Bulrug,,0,9272,gossip,,"Greetings, $c. I can help stable your pets or assist you in recovering lost companions."
10054,Bulrug,,0,9272,gossip,,"Greetings, $c. I can assist you in recovering lost companions."
10054,Bulrug,,0,9272,gossip,,"Greetings, $c. I can assist you in recovering lost companions."
10055,Morganus,,0,9274,gossip,,"Greetings, $c. I can help stable your pets or assist you in recovering lost companions."
10055,Morganus,,0,9274,gossip,,"Greetings, $c. I can help stable your pets or assist you in recovering lost companions."
10055,Morganus,,0,9274,gossip,,"Greetings, $c. I can assist you in recovering lost companions."
10055,Morganus,,0,9274,gossip,,"Greetings, $c. I can assist you in recovering lost companions."
10056,Alassin,,0,9275,gossip,,"Greetings, $c. I can help stable your pets or assist you in recovering lost companions."
10056,Alassin,,0,9275,gossip,,"Greetings, $c. I can help stable your pets or assist you in recovering lost companions."
10056,Alassin,,0,9275,gossip,,"Greetings, $c. I can assist you in recovering lost companions."
10056,Alassin,,0,9275,gossip,,"Greetings, $c. I can assist you in recovering lost companions."
10057,Theodore Mont Claire,,0,9279,gossip,,"Greetings, $c. I can help stable your pets or assist you in recovering lost companions."
10057,Theodore Mont Claire,,0,9279,gossip,,"Greetings, $c. I can help stable your pets or assist you in recovering lost companions."
10057,Theodore Mont Claire,,0,9279,gossip,,"Greetings, $c. I can assist you in recovering lost companions."
10057,Theodore Mont Claire,,0,9279,gossip,,"Greetings, $c. I can assist you in recovering lost companions."
10058,Greth,,0,9281,gossip,,"Greetings, $c. I can help stable your pets or assist you in recovering lost companions."
10058,Greth,,0,9281,gossip,,"Greetings, $c. I can help stable your pets or assist you in recovering lost companions."
10058,Greth,,0,9281,gossip,,"Greetings, $c. I can assist you in recovering lost companions."
10058,Greth,,0,9281,gossip,,"Greetings, $c. I can assist you in recovering lost companions."
10059,Antarius,,0,9282,gossip,,"Greetings, $c. I can help stable your pets or assist you in recovering lost companions."
10059,Antarius,,0,9282,gossip,,"Greetings, $c. I can help stable your pets or assist you in recovering lost companions."
10059,Antarius,,0,9282,gossip,,"Greetings, $c. I can assist you in recovering lost companions."
10059,Antarius,,0,9282,gossip,,"Greetings, $c. I can assist you in recovering lost companions."
10060,Grimestack,,0,9284,gossip,,"Greetings, $c. I can help stable your pets or assist you in recovering lost companions."
10060,Grimestack,,0,9284,gossip,,"Greetings, $c. I can help stable your pets or assist you in recovering lost companions."
10060,Grimestack,,0,9284,gossip,,"Greetings, $c. I can assist you in recovering lost companions."
10060,Grimestack,,0,9284,gossip,,"Greetings, $c. I can assist you in recovering lost companions."
10061,Killium Bouldertoe,,0,9283,gossip,,"Greetings, $c. I can help stable your pets or assist you in recovering lost companions."
10061,Killium Bouldertoe,,0,9283,gossip,,"Greetings, $c. I can help stable your pets or assist you in recovering lost companions."
10061,Killium Bouldertoe,,0,9283,gossip,,"Greetings, $c. I can assist you in recovering lost companions."
10061,Killium Bouldertoe,,0,9283,gossip,,"Greetings, $c. I can assist you in recovering lost companions."
10062,Steven Black,,0,9285,gossip,,"Greetings, $c. I can help stable your pets or assist you in recovering lost companions."
10062,Steven Black,,0,9285,gossip,,"Greetings, $c. I can help stable your pets or assist you in recovering lost companions."
10062,Steven Black,,0,9285,gossip,,"Greetings, $c. I can assist you in recovering lost companions."
10062,Steven Black,,0,9285,gossip,,"Greetings, $c. I can assist you in recovering lost companions."
10063,Reggifuz,,0,9286,gossip,,"Greetings, $c. I can help stable your pets or assist you in recovering lost companions."
10063,Reggifuz,,0,9286,gossip,,"Greetings, $c. I can help stable your pets or assist you in recovering lost companions."
10063,Reggifuz,,0,9286,gossip,,"Greetings, $c. I can assist you in recovering lost companions."
10063,Reggifuz,,0,9286,gossip,,"Greetings, $c. I can assist you in recovering lost companions."
10085,Jaelysia,,1,9294,gossip,,"Greetings, $c. I can help stable your pets or assist you in recovering lost companions."
10085,Jaelysia,,1,9294,gossip,,"Greetings, $c. I can help stable your pets or assist you in recovering lost companions."
10085,Jaelysia,,1,9294,gossip,,"Greetings, $c. I can assist you in recovering lost companions."
10085,Jaelysia,,1,9294,gossip,,"Greetings, $c. I can assist you in recovering lost companions."
10181,Lady Sylvanas Windrunner,,1,11657,gossip,,"Speak quickly; I don't have time to waste on idle chatter. The Forsaken have become a force to be reckoned with, but there is still much to do in a given day. This city doesn't run itself.$b$bWhat do you want?"
10260,Kibler,,0,9561,gossip,,What!
10276,Rotgath Stonebeard,,0,9741,gossip,,"Sorry $g lad : lass;, ye aren't quite up to the challenge of learning from me. Go see my son Groum, it would make his day to get a new apprentice."
10277,Groum Stonebeard,,0,9740,gossip,,"Ye've got a little skill on ye. Enough to learn ye a few things I wager. Let's see what I can teach ye, shall we?"
10540,Vol'jin,,0,10357,gossip,,"Another hero? The fates smile upon us on this day, $N."
10665,Junior Apothecary Holland,,0,9999,gossip,,"I must have lived a charmed life, $N. To return to the world as a member of the Forsaken and the Apothecary Society... I couldn't have asked for a more suitable fate."
10666,Gordo,,2,10006,gossip,,"Simmer say Gordo got guts, but got no brains.  Why he mean?"
10666,Gordo,,2,10006,gossip,,Gordo like picking flowers. Pick flowers kind of like killing.
10666,Gordo,,2,10006,gossip,,It drafty out here.
10666,Gordo,,2,10006,gossip,,Johaan say Gordo need a tailor to fix Gordo tummy.
10936,Joseph Redpath,,0,10229,gossip,,"A darkness had fallen over my eyes, but you tore me from my unholy reverie.  You saved me, $N.$B$BAnd now I beg you... to forgive me."
10945,Davil Crokford,,0,10246,gossip,,"The battle is over, and the people of Darrowshire are saved.$B$BThey are saved, $N, because of you.  You are truly a hero of Darrowshire."
10993,Twizwick Sprocketgrind,,0,10454,gossip,,"Yeah, I'll show you a few things. We'll see how you do, maybe you'll surprise me!"
10993,Twizwick Sprocketgrind,,0,10454,gossip,,"(Sniff, sniff) You smell that? Don't you just LOVE the smell of grease?"
10993,Twizwick Sprocketgrind,,0,10454,gossip,,"I'm afraid you're out of my league, friend! You should go see Nogg in Orgrimmar, he'll take you to the next level!"
11016,Captured Arko'narin,,1,10407,gossip,,"As you inspect the cage and the Night elf inside, you get an odd sense of deja vu. For some reason she does not make eye contact with you--it is almost as if you are not there to her."
11017,Roxxik,,0,10472,gossip,,"I can't teach what I don't know! If only there was someone else who knew more than I do... wait, there is! Go see Buzzek Bracketswing in Gadgetzan!"
11017,Roxxik,,0,10472,gossip,,"Nice try, but you'll need some more experience before training with me! Back to the trenches!"
11017,Roxxik,,0,10472,gossip,,"Nice going! I knew I was right about you, no matter what those other people said. Ha! I'm kidding! Okay, on with your lessons."
11025,Mukdrak,,0,10570,gossip,,You know who can really show you some things? Nogg! You go find him in Orgrimmar.
11025,Mukdrak,,0,10570,gossip,,I know a few things. You want me to show you?
11026,Sprite Jumpsprocket,,1,10569,gossip,,"This kind of work isn't for the faint of heart. I have an uncle who lost a hand! Poor old Stumpy... anyway, if you're still interested I might be able to show you a few things."
11029,Trixie Quikswitch,,1,10722,gossip,,"Close, but no cigar! I'm afraid you'll have to talk to my sis, Jemma first. After she's gone over the basics with you, come see me and I'll show you the juicy stuff!"
11031,Franklin Lloyd,,0,10572,gossip,,What do you think I could teach you? Roxxik would do a much better job. You can find him in Orgrimmar. Now be off!
11031,Franklin Lloyd,,0,10572,gossip,,"Let's see how competent you are, shall we? If you perform this task to my liking, I'll spend the time to teach you!"
11031,Franklin Lloyd,,0,10572,gossip,,"This is a waste of time, mine and yours! Go see Graham Van Talen if you want to begin your instruction! He's standing to my left over there."
11037,Jenna Lemkenilli,,1,10575,gossip,,"Oh, you've got oodles of things to learn still. I would teach you everything if I could, but I'm still learning too! Why don't you talk to Trixie Quickswitch in Ironforge, she'll help you further your education!"
11037,Jenna Lemkenilli,,1,10575,gossip,,You want to train? With me? Fantastic! The only thing better than assembling bullets and explosive devices is to share that knowledge with someone else! Let's get started!
11040,Watcher Brownell,,1,10455,gossip,,Have you seen Watcher Backus? So brave...$B$BI think he's the toughest of all the Night Watch. I wonder if he even notices I'm around....
11044,Doctor Martin Felben,,0,10576,gossip,,"Very well. Cut another lump of flesh from one of these specimens. Let us test what you've learned so far, and we can progress from there."
11047,Kray,,0,10577,gossip,,I must have broken hundreds of vials when I first began brewing potions. The glass was so fragile in my clumsy hands. I hope you are more cautious than I was.
11049,Rhiannon Davis,,1,10581,gossip,,"You have worked your way up, time to see the boss. Go to Josef and tell him you are ready."
11049,Rhiannon Davis,,1,10581,gossip,,How can I share my secrets with a beginner? Try speaking with Victor Ward first.
11050,Trianna,,1,10582,gossip,,"You will not be disappointed, traveler. Tailoring is a joyous endeavor."
11051,Vhan,,0,10586,gossip,,You seek a higher knowledge. Tepa is blessed with such knowledge. She should be standing somewhere nearby...
11051,Vhan,,0,10586,gossip,,"With the Earth Mother's blessing, we shall begin."
11052,Timothy Worthington,,0,10587,gossip,,I cannot help you until you have learned more of the essentials. Come back to me when you are ready.
11065,Thonys Pillarstone,,0,10588,gossip,,"Ye're a fine enchanter indeed! Now it's time fer ye to move on. I want ye to talk to Gimble Thistlefuzz, upstairs. He's a bit of a character, but he'll steer ye in the right direction from here on out!"
11066,Jhag,,0,10589,gossip,,You come to wrong place. Talk to the expert Godan over there. You learn more from him.
11066,Jhag,,0,10589,gossip,,"To die in battle is glorious! But, with what I teach you, maybe you not die so quickly, hm?"
11067,Malcomb Wynn,,0,10590,gossip,,"Eh, well you've made it this far... go see Lavinia Crowe by the other bookshelf there. If you don't mess things up with her, maybe you can learn some more."
11067,Malcomb Wynn,,0,10590,gossip,,"You don't look like much to me, but who knows, maybe there's an enchanter hidden in there somewhere!"
11067,Malcomb Wynn,,0,10590,gossip,,"You don't look like much to me, but who knows, maybe there's an enchanter hidden in there somewhere!"
11068,Betty Quin,,1,10591,gossip,,"Hmm... well you seem capable enough. If you truly desire to learn, then nothing will stand in your way! I will guide you through your first steps on what I hope will be a long and fulfilling path."
11069,Jenova Stoneshield,,1,10477,gossip,,"Greetings, $c. I can help stable your pets or assist you in recovering lost companions."
11069,Jenova Stoneshield,,1,10477,gossip,,"Greetings, $c. I can help stable your pets or assist you in recovering lost companions."
11069,Jenova Stoneshield,,1,10477,gossip,,"Greetings, $c. I can assist you in recovering lost companions."
11069,Jenova Stoneshield,,1,10477,gossip,,"Greetings, $c. I can assist you in recovering lost companions."
11070,Lalina Summermoon,,1,10592,gossip,,Your skills are beyond my reach. It is time for you to face new challenges. Taladan will help you prepare. He is standing by the table there.
11070,Lalina Summermoon,,1,10592,gossip,,"I will teach you what I can. Each lesson is a gift from the Goddess herself. Use her gifts wisely, and you shall not falter."
11072,Kitta Firewind,,1,10610,gossip,,"You have nearly reached the pinnacle of your training. To become the greatest enchanter you can possibly be, you have one more instructor to seek out. Her name is Annora, and you may find her in Uldaman."
11072,Kitta Firewind,,1,10610,gossip,,"You are eager, that is good. However, you are not yet ready to train with the likes of me."
11072,Kitta Firewind,,1,10610,gossip,,"Your skills are truly becoming extraordinary. Now, let us continue your training..."
11073,Annora,,1,10609,gossip,,Your education is nearly complete. One final task is all that stands between you and the culmination of all your efforts.
11073,Annora,,1,10609,gossip,,"There are still lessons you must learn from others before my knowledge may be shared with you. Be diligent, and do not give up hope."
11074,Hgarth,,0,10611,gossip,,"Train hard, train every day. And when you have perfected your skills, return to me."
11079,Wynd Nightchaser,,0,10645,gossip,,"Welcome to Starfall Village, traveler. Have you come to assist us?"
11097,Drakk Stonehand,,0,10622,gossip,,"I love a good challenge; don't you? Aye, of course ye do. An' that's why you're about to do exactly what I say."
11097,Drakk Stonehand,,0,10622,gossip,,"I'm not here to teach babes fresh out of the cradle. Ye've nowhere near the amount of skill I require in my students. In fact, ye're a sad figure of a $glad:lass;, an' I'll thank ye not to stand there jibber-jabberin' at me."
11098,Hahrana Ironhide,,1,10623,gossip,,I only wish I had more students like you. Not many will venture so far into enemy territory. I salute your courage.
11104,Shelgrayn,,0,10567,gossip,,"Greetings, $c. I can help stable your pets or assist you in recovering lost companions."
11104,Shelgrayn,,0,10567,gossip,,"Greetings, $c. I can help stable your pets or assist you in recovering lost companions."
11104,Shelgrayn,,0,10567,gossip,,"Greetings, $c. I can assist you in recovering lost companions."
11104,Shelgrayn,,0,10567,gossip,,"Greetings, $c. I can assist you in recovering lost companions."
11105,Aboda,,0,10566,gossip,,"Greetings, $c. I can help stable your pets or assist you in recovering lost companions."
11105,Aboda,,0,10566,gossip,,"Greetings, $c. I can help stable your pets or assist you in recovering lost companions."
11105,Aboda,,0,10566,gossip,,"Greetings, $c. I can assist you in recovering lost companions."
11105,Aboda,,0,10566,gossip,,"Greetings, $c. I can assist you in recovering lost companions."
11117,Awenasa,,1,10652,gossip,,"Greetings, $c. I can help stable your pets or assist you in recovering lost companions."
11117,Awenasa,,1,10652,gossip,,"Greetings, $c. I can help stable your pets or assist you in recovering lost companions."
11117,Awenasa,,1,10652,gossip,,"Greetings, $c. I can assist you in recovering lost companions."
11117,Awenasa,,1,10652,gossip,,"Greetings, $c. I can assist you in recovering lost companions."
11119,Azzleby,,0,10656,gossip,,"Greetings, $c. I can help stable your pets or assist you in recovering lost companions."
11119,Azzleby,,0,10656,gossip,,"Greetings, $c. I can help stable your pets or assist you in recovering lost companions."
11119,Azzleby,,0,10656,gossip,,"Greetings, $c. I can assist you in recovering lost companions."
11119,Azzleby,,0,10656,gossip,,"Greetings, $c. I can assist you in recovering lost companions."
11145,Myolor Sunderfury,,0,10693,gossip,,"Your skill in blacksmithing is exceptional, $N. The time has come to make a decision. There are two paths you may choose: The way of the weaponsmith or the art of the armorsmith.$B$BBe warned, when you have chosen to dedicate yourself to a path, there is no going back. The discipline each path requires leaves no room for hybrids."
11285,Rory,,0,10930,gossip,,"They don't realize that they're dead, $r. They are cursed to relive the last memory they had before the town was eaten alive from the inside out. Most of them, anyway. Some were less fortunate.$B$BYou thought the Scourge did this? The Scourge did not yet exist and if they had, we would have at least put up a damned fight.$B$BNo, this was the result of a plague that came out of Scholomance and ravaged the town. It was horrifying and devastating. None survived.$B$BNow leave me to my sorrows."
11390,Skullsplitter Speaker,,0,11313,gossip,,"It's my job to ensure that this whole assault runs like clockwork.$B$BHigh Tinker Mekkatorque is out in the field now, but he's scheduled to come back to get some more troops any time now.  $B$BHe's never late, so just stick around and he'll be here."
11390,Skullsplitter Speaker,,0,11313,gossip,,"Hurry! You should talk to Mekkatorque! If we don't start the assault soon, we're going to be late.$B$BAnd my boss HATES it when we're late!"
11701,Mor'vek,,0,11667,gossip,,It takes a lot of dedication to train and ride a Venomhide.
11798,Bunthen Plainswind,,0,11773,gossip,,"If you're looking for a flight back to Rut'theran Village, then you should talk to my night elven counterpart, Silva Fil'naveth."
11799,Tajarri,,1,11766,gossip,,"The Shrine of Remulos is a sacred place for us in the Cenarion Circle here in Moonglade... so please conduct yourself in a manner befitting a visitor.$B$BA visitor who doesn't want my scimitar buried in them, that is."
11800,Silva Fil'naveth,,1,11767,gossip,,"If you're looking for a flight back to Thunder Bluff, then you should talk to my tauren counterpart, Bunthen Plainswind."
11811,Narain Soothfancy,,0,11757,gossip,,"It... It's foggy, $N. I can't see anything! Wait... Wait a minute. I see... I see Doctor Weavil's hideout. It... YES! I believe he is holding a chapter of the book!$B$BLet me see if I can zoom this thing out to get a better vantage point.$B$B<Narain appears to be going cross-eyed.>$B$BAlcaz Island! That devious bastard is on Alcaz Island!"
11832,Keeper Remulos,,2,11906,gossip,,The Emerald Dream has become a dangerous place. I grow increasingly concerned for those who have sacrificed their waking life in Azeroth in hopes of saving it.
12776,Hraug,,0,14371,gossip,,"Sorry, but my services are only of use to warlocks."
12776,Hraug,,0,14371,gossip,,"Sorry, but my services are only of use to warlocks."
12776,Hraug,,0,14371,gossip,,"Weary of one of your demonic charges? Hoping for one with a more pleasing name?$B$B$B$BFor a price, I can assist you in the obliteration of a current minion so that you may summon an entirely new one..."
12776,Hraug,,0,14371,gossip,,"Weary of one of your demonic charges? Hoping for one with a more pleasing name?$B$B$B$BFor a price, I can assist you in the obliteration of a current minion so that you may summon an entirely new one..."
12919,Nat Pagle,,0,13099,gossip,,"To catch Gahz'ranka, you'll need a special Mudskunk lure.  I make 'em myself!$B$BBut you need more than just the lure; you need some mudskunks too... you need to place them in the lure to give it a rank old smell!$B$BWhen you have the mudskunks, throw the lure off Pagle's Point in Zul'Gurub... and then grab a drink and wait... but not too long, because Gahz'ranka is sure to come a'stomping!"
12944,Lokhtos Darkbargainer,,0,14666,gossip,,"A Sulfuron ingot?!??! Impossible! I must have it! I must! I must!$B$B$R, I am authorized to make you a grand deal for that ingot. Perhaps you would be interested to know the secrets of the Hand of Ragnaros? Sulfuras, idiot! The legendary hammer of the Firelord."
13278,Duke Hydraxis,,2,10849,gossip,,"$N, it is good to see you.  Our war with the other elemental lords yet rages, but your efforts help ensure our victory."
13278,Duke Hydraxis,,2,10849,gossip,,"You've served our cause with great loyalty, $N.  Allow me to present you with an unending source of our elemental quintessence."
13322,Hydraxian Honor Guard,,2,5564,gossip,,Speak with Hydraxis.
13322,Hydraxian Honor Guard,,2,5564,gossip,,"You have no business with me, little one."
13322,Hydraxian Honor Guard,,2,5564,gossip,,Speak not your vulgar language to me!  Only Hydraxis can stand it.
13443,Druid of the Grove,,0,13409,gossip,,We have been sent here from Darnassus to aid the Stormpike in their time of need.
13443,Druid of the Grove,,0,13409,gossip,,The Arch Druid believes that Ivus the Forest Lord will come once he is made aware of the destructive forces within this valley.
13443,Druid of the Grove,,0,13409,gossip,,It is not for us to judge these atrocities. Ivus will pass judgement once he arrives.
13616,Frostwolf Stable Master,,1,13670,gossip,,"Greetings, $c. I can help stable your pets or assist you in recovering lost companions."
13616,Frostwolf Stable Master,,1,13670,gossip,,"Greetings, $c. I can help stable your pets or assist you in recovering lost companions."
13616,Frostwolf Stable Master,,1,13670,gossip,,"Greetings, $c. I can assist you in recovering lost companions."
13616,Frostwolf Stable Master,,1,13670,gossip,,"Greetings, $c. I can assist you in recovering lost companions."
14182,Bounty Hunter Kolark,,0,14216,gossip,,It seems like love is drifting on the wind. I hope that I won't be left out.
14182,Bounty Hunter Kolark,,0,14216,gossip,,It seems like love is drifting on the wind. I hope that I won't be left out.
14325,Captain Kromcrush,,2,11564,gossip,,What you doin' wanderin' around here?  Why them small fries not in da shackles?!
14338,Knot Thimblejack,,0,14381,gossip,,"Please, please, please tell me you are here to get me out of these shackles.  There's got to be a key somewhere...$B$BAt the very least, maybe you can take out Guard Slip'kik.  I think I might be able to help you out!$B$BSee that broken trap over yonder?  The ogres are too stupid to figure out how to fix it.  Clearly, it needs a thorium widget and some frost oil.  If you fix it, I bet you could lure Slip'kik into it, and BLAMMO - trapped ogre guard!"
14368,Lorekeeper Lydros,,0,14407,gossip,,"<Lydros reaches into his robe and presents you with a dull, flat elven blade.>$B$BIn ages past, well before even the War of the Ancients, there existed this blade."
14395,Griniblix the Spectator,,0,7107,gossip,,Woohoo! They are into it now!
14625,Overseer Oilfist,,0,14653,gossip,,"Welcome to Thorium Point. As Overseer, I'm responsible for all the activities of the Thorium Brotherhood.  While that mainly involves mining, smithing, and some minor guard duty, we've lately become more of a martial organization... out of necessity."
14832,Kerri Hicks,,1,14876,gossip,,"$N, it's good to see you again!  Are you having fun at the Faire?$B$BWant to arm wrestle?  No, of course not... you want to keep your arm!"
14990,Defilers Emissary,,0,15239,gossip,,"You are not yet powerful enough, $c.  Move along."
14990,Defilers Emissary,,0,15239,gossip,,"You are not yet powerful enough, $c.  Move along."
15131,Qeeju,,0,14773,gossip,,"Greetings, $c. I can help stable your pets or assist you in recovering lost companions."
15131,Qeeju,,0,14773,gossip,,"Greetings, $c. I can help stable your pets or assist you in recovering lost companions."
15131,Qeeju,,0,14773,gossip,,"Greetings, $c. I can assist you in recovering lost companions."
15131,Qeeju,,0,14773,gossip,,"Greetings, $c. I can assist you in recovering lost companions."
15165,Haughty Modiste,,1,15300,gossip,,Do not waste my time.  What is it you want?
15165,Haughty Modiste,,1,15300,gossip,,Do not waste my time.  What is it you want?
15165,Haughty Modiste,,1,15300,gossip,,Can you not see that I am busy here?
15165,Haughty Modiste,,1,15300,gossip,,Can you not see that I am busy here?
15165,Haughty Modiste,,1,15300,gossip,,Yes?  What do you want?
15165,Haughty Modiste,,1,15300,gossip,,Yes?  What do you want?
15165,Haughty Modiste,,1,15300,gossip,,And you are?
15165,Haughty Modiste,,1,15300,gossip,,And you are?
15293,Aendel Windspear,,1,15358,gossip,,The ghostly figure looks at you with mistrust in her eyes and remains silent.
16015,Vi'el,,2,10815,gossip,,"What?! How did you sneak past my jail...er, minion out there? Well, I suppose it's for the best. Sales have been a little slow lately.$B$BHow may I fulfill your infernal needs, $c?"
16015,Vi'el,,2,10815,gossip,,"Very clever how you got in here like that, $N.$B$BWhat? Surprised that I know your name? I'm a demon, that's what we do. I also know your true name, so you'd better buy something expensive."
16015,Vi'el,,2,10815,gossip,,"Here for the rod? Or, maybe you're simply stocking up on runes?$B$BWait a minute! Are you just trying to offload a whole bunch of junk on me?! Curse my never-ending compulsion to buy, buy, buy!"
16015,Vi'el,,2,10815,gossip,,"What? No, I don't do armor repairs. Everlook is about a mile to the north, $g brother : sister;.$B$BNow buy something, or move along before I summon my warlock to deal with you!"
16070,Garel Redrock,,0,15986,gossip,,"Hail $c. Didn't I see you recently at an exclusive gathering? You look familiar, but then again this city is a busy place.$B$BIf you attended that convention, then surely you were given a secret code. Tell me your code and I will give you a special prize in return."
16070,Garel Redrock,,0,15986,gossip,,"Hail $c. Didn't I see you recently at an exclusive gathering? You look familiar, but then again this city is a busy place.$B$BIf you attended that convention, then surely you were given a secret code. Tell me your code and I will give you a special prize in return."
16076,Tharl Stonebleeder,,0,15988,gossip,,"Hail $c. Didn't I see you recently at an exclusive gathering? You look familiar, but then again this city is a busy place.$B$BIf you attended that convention, then surely you were given a secret code. Tell me your code and I will give you a special prize in return."
16076,Tharl Stonebleeder,,0,15988,gossip,,"Hail $c. Didn't I see you recently at an exclusive gathering? You look familiar, but then again this city is a busy place.$B$BIf you attended that convention, then surely you were given a secret code. Tell me your code and I will give you a special prize in return."
16094,Durik,,0,3519,gossip,,"Greetings, $c. I can help stable your pets or assist you in recovering lost companions."
16094,Durik,,0,3519,gossip,,"Greetings, $c. I can help stable your pets or assist you in recovering lost companions."
16094,Durik,,0,3519,gossip,,"Greetings, $c. I can assist you in recovering lost companions."
16094,Durik,,0,3519,gossip,,"Greetings, $c. I can assist you in recovering lost companions."
16365,Master Craftsman Omarion,,0,16129,gossip,,Is this the best they could do?$B$B<Omarion musters the strength to laugh.>$B$BYou do not possess the resolve to face a monster like Kel'Thuzad. You will crumble before his minions - just like those that have come before you...$B$BLeave me here to die. I refuse to return to a world that champions the likes of you.
16781,Midsummer Celebrant,,1,16412,gossip,,The Midsummer Fire Festival has something for everyone to enjoy!
16781,Midsummer Celebrant,,1,16412,gossip,,The Midsummer Fire Festival has something for everyone to enjoy!
16781,Midsummer Celebrant,,1,16412,gossip,,Across the lands our fires burn strong and true!
16781,Midsummer Celebrant,,1,16412,gossip,,Across the lands our fires burn strong and true!
16781,Midsummer Celebrant,,1,16412,gossip,,Have you danced at the ribbon pole yet?
16781,Midsummer Celebrant,,1,16412,gossip,,Have you danced at the ribbon pole yet?
16781,Midsummer Celebrant,,1,16412,gossip,,I admire the skill that torch jugglers have.
16781,Midsummer Celebrant,,1,16412,gossip,,I admire the skill that torch jugglers have.
16818,Festival Talespinner,,0,16355,gossip,,"Enjoying the festival, $c?$b$bWhile the Flame Keepers tend to the fires of the present, I am more of a historian, keeping close the festivals past. I'm also, of course, documenting this year's festivities. Things are going well thus far, don't you think?$b$bYou know, $n, there is power inherent in all festival fires burning throughout the holiday. We're taking care of ours, but I'm certain there are sacred flames burning deep within our enemy's cities..."
16818,Festival Talespinner,,0,16355,gossip,,"Enjoying the festival, $c?$b$bWhile the Flame Keepers tend to the fires of the present, I am more of a historian, keeping close the festivals past. I'm also, of course, documenting this year's festivities. Things are going well thus far, don't you think?$b$bYou know, $n, there is power inherent in all festival fires burning throughout the holiday. We're taking care of ours, but I'm certain there are sacred flames burning deep within our enemy's cities..."
17249,Landro Longshot,,2,16941,gossip,,"Welcome, $N. I am Landro Longshot - manager of the Black Flame. Perhaps you've not heard of the Black Flame until now. That doesn't surprise me; we work to keep things that way. We prefer to avoid... factional entanglements.$B$BThe Black Flame specializes in providing the finest services and entertainment money can buy, whether they happen to be hard to find items, gladiatorial combat, or lucrative games of chance.$B$BAre you here seeking something specific?$B"
